"","baseMean","log2FoldChange","lfcSE","stat","pvalue","padj"
"ENSG00000000938.13",904.108284556535,-2.09000083864177,0.519439611410399,-4.02356846249544,5.73229103946917e-05,0.0117951585621919
"ENSG00000005073.6",71.1483836148614,4.13174525467317,1.14870987433874,3.59685708895957,0.000322085322370309,0.0299813231881233
"ENSG00000005844.19",1017.30434507417,-2.37447760794707,0.634775147648214,-3.74065937638594,0.000183538119256723,0.0217560837917475
"ENSG00000006555.11",1394.64401963925,1.37145184910024,0.366127043791524,3.74583596693052,0.000179794048217808,0.0214865664523002
"ENSG00000006611.17",4384.14545396141,1.9359700204048,0.554711359687399,3.49004935016257,0.000482931357140536,0.0364087670822729
"ENSG00000007129.18",91.8686836858968,-1.95457207828497,0.529157513219391,-3.69374341184983,0.000220976783110529,0.0240935124437683
"ENSG00000007264.15",201.051703746792,-2.05367147841373,0.544178969111449,-3.77388983217602,0.000160721756976389,0.020063181722797
"ENSG00000010327.10",3491.25065148039,-1.46569708689661,0.42293269887042,-3.46555631856139,0.000529135691598673,0.037954849018442
"ENSG00000010671.16",551.4983679975,-2.18259800992839,0.605057286052559,-3.60725845343972,0.000309449386469773,0.0292024184810975
"ENSG00000011426.11",1318.21476604598,2.13525880066454,0.590477443366539,3.61615642502888,0.00029900972990831,0.0286451524473559
"ENSG00000015285.11",806.155887464162,-1.85116616971752,0.529952112193633,-3.49308197311447,0.00047747991200659,0.0362977576441232
"ENSG00000016490.16",288.232934114249,6.75076062361416,1.83112096448697,3.68668195850488,0.000227197008840791,0.0246734148450236
"ENSG00000019102.12",4395.35069706528,2.81086884153476,0.768525568959207,3.65748252896966,0.000254704614664386,0.0260093327967173
"ENSG00000019186.10",171.157397118539,3.98077780304928,1.1959826425012,3.32845784009384,0.000873282214555307,0.0488734445107057
"ENSG00000028277.21",488.479209304161,-2.2554772368548,0.608138538718729,-3.70882141692057,0.000208226218805705,0.0232592935920642
"ENSG00000043355.12",75.1023190598046,8.04093252368884,1.48290194829134,5.42243034541424,5.87941274978323e-08,0.000134084907269431
"ENSG00000053747.17",12974.4426758866,2.3812937639949,0.626210301496133,3.80270614888568,0.000143124082683061,0.0192949594620065
"ENSG00000060140.9",577.596826067414,2.73980837301154,0.589648530921099,4.64651097956888,3.37596173107346e-06,0.00236897294087916
"ENSG00000064270.13",882.614765276031,2.22734734906481,0.601607295884692,3.70232768834591,0.000213630447773413,0.0236697346729352
"ENSG00000066336.12",1424.81154755463,-1.56119095436454,0.468887171154643,-3.32956636565697,0.00086981332523251,0.0488734445107057
"ENSG00000069764.10",266.419874393914,3.03163561105502,0.800828470895274,3.78562416451784,0.000153323254563625,0.0196344061631861
"ENSG00000073861.3",60.5870048181017,-2.93543374778658,0.625291527898608,-4.69450427011473,2.67254028578949e-06,0.00197674081084327
"ENSG00000074211.14",765.394507681346,3.89957551324902,0.86487673661138,4.50882229591202,6.51884813260439e-06,0.00339418493933898
"ENSG00000076356.7",4097.67118277017,1.5655865969095,0.356311146784931,4.39387487884145,1.1134791807692e-05,0.00461705829395618
"ENSG00000079385.23",3471.17580947458,1.89628986133421,0.548295573014297,3.45851754904606,0.000543156886538719,0.038509260398718
"ENSG00000086159.13",73.808274105885,3.40277329264872,0.919769959922294,3.69959168152894,0.000215946620376254,0.023734181364807
"ENSG00000086288.12",18.5275744003175,-1.76446044789003,0.504040327052217,-3.50063348742181,0.000464153715964153,0.0355812177725237
"ENSG00000086300.16",788.203235810654,-1.53242222422504,0.438943354191563,-3.49116169453671,0.000480925099967021,0.0363944628663415
"ENSG00000088836.14",995.372679733287,2.64418194808769,0.636991419589586,4.15104798396082,3.30956364035976e-05,0.00887048203733786
"ENSG00000089356.18",205.438812331209,3.64094479744933,0.686655082710087,5.30243624365128,1.14267379748254e-07,0.000240550413966959
"ENSG00000090402.8",133.068763079109,21.8832043170964,2.1124526555459,10.3591454509741,3.80344821798066e-25,1.04088967381477e-20
"ENSG00000092607.15",264.739342038515,2.86224131640825,0.802133746399607,3.56828437807969,0.000359326386411915,0.0310210890124128
"ENSG00000093100.13",5.51703752515137,-1.800543583547,0.526033600480391,-3.42286801052763,0.000619641573768937,0.040839560578859
"ENSG00000094804.12",535.065381902677,1.65149263566651,0.481152554067654,3.43236801240027,0.000598335041086691,0.0400357825658178
"ENSG00000095539.15",1469.19455332036,1.82160646923525,0.520022178967261,3.50293995700889,0.000460153176024153,0.0355588598259562
"ENSG00000096996.16",260.611148764097,-1.75272094263253,0.481815394924971,-3.63774375226318,0.000275036857167823,0.0269782568821212
"ENSG00000099812.9",7359.99748762511,2.32053075152086,0.591261989329669,3.92470815543497,8.68349466152122e-05,0.0145792146258804
"ENSG00000099834.19",2314.59866312141,2.8314322177107,0.84435240643415,3.35337732934088,0.000798317923962747,0.04629122087755
"ENSG00000100027.17",99.0673670365249,-1.19712760300536,0.333158479492327,-3.59326769899287,0.000326556785967509,0.0300752839168704
"ENSG00000100055.21",899.05671287587,-1.76469832260987,0.457293700584373,-3.8590042249757,0.000113849969753069,0.0172139896255924
"ENSG00000100292.18",1831.72429564986,-1.9005171007558,0.439901130657675,-4.32032783801767,1.55797566286491e-05,0.00567955858901681
"ENSG00000100994.12",15702.9434256318,1.59784943499989,0.437261601891159,3.65421850006764,0.000257966515862512,0.0261472949615162
"ENSG00000101188.5",625.086691352444,4.68983836923086,1.14154949417308,4.10830927013647,3.9856615716144e-05,0.0100995926139233
"ENSG00000101213.7",2612.55117515666,2.3037412894271,0.657784606654018,3.50227303303074,0.000461306627568614,0.0355588598259562
"ENSG00000101842.14",3227.27529825619,3.71319566223066,1.05746683858832,3.51140624625887,0.000445742657393854,0.0350586608449543
"ENSG00000102445.20",341.961968339685,-2.06688934996438,0.600224893184022,-3.44352487448516,0.000574183772490137,0.0392908253404684
"ENSG00000103269.14",187.342671261073,2.41192712442932,0.65534855595975,3.68037299006035,0.000232893039901651,0.0247999370544299
"ENSG00000103355.13",123.948007643254,5.13621804450643,1.20131862214445,4.27548358098193,1.90722857404587e-05,0.00644384251677943
"ENSG00000103460.17",1036.16096357822,2.26285938317067,0.555247685806105,4.07540533894431,4.59342652058698e-05,0.0109008080176361
"ENSG00000104081.14",1165.25352365114,-1.53283258947578,0.345851644179026,-4.43205234173276,9.33403507643811e-06,0.00437730756479169
"ENSG00000104369.5",395.321449355263,2.5725089744776,0.579762462550188,4.43717753502351,9.11461170897812e-06,0.00437613295858955
"ENSG00000104413.18",4019.38645566332,1.59209947355044,0.451073940663363,3.52957537562256,0.000416227119585089,0.0337008508333879
"ENSG00000104827.12",15.7445756801532,6.50888376301756,1.86725217688412,3.48580863559572,0.000490651861923,0.0366876215990348
"ENSG00000104951.16",475.401115389958,-2.03945605382972,0.596426191447856,-3.41946092085398,0.000627453444081988,0.0410654906032877
"ENSG00000104972.15",353.067546472446,-2.15578935467324,0.576465895842025,-3.73966503521314,0.000184265636847527,0.0217560837917475
"ENSG00000105219.10",54.1806651294347,3.40227348355754,0.984463910997034,3.45596567385779,0.000548325143955782,0.0387717125016906
"ENSG00000105374.10",292.531795968259,-2.3677584376857,0.566993409949124,-4.17598934332968,2.9669370931302e-05,0.00837073891007157
"ENSG00000105383.15",181.609614490234,-1.80770318370224,0.48124459494062,-3.75630854394383,0.000172438078060688,0.0208292641398969
"ENSG00000105501.12",6.25322577184142,-2.16210622265389,0.641892886636765,-3.36832868484081,0.000756253795830714,0.0450901909161201
"ENSG00000105523.3",2522.24134482839,2.6041070926087,0.670214254103532,3.88548449494246,0.000102126011272579,0.0160912312035237
"ENSG00000105609.17",219.47130455935,-2.55582321136879,0.675200082617821,-3.78528272902396,0.000153533924760544,0.0196344061631861
"ENSG00000105610.6",2.42290474303433,-2.2176073981213,0.556714882129478,-3.98338084593459,6.79417437976462e-05,0.0127319574456546
"ENSG00000106089.12",1727.72169935736,1.88163649263756,0.534196027355252,3.52237080824681,0.000427705447310701,0.034225189989918
"ENSG00000106384.12",76.6727517601614,4.96747499956992,1.17058171837833,4.24359523267766,2.19966960533394e-05,0.00718768932338888
"ENSG00000106789.13",3192.88684381147,1.95564768871753,0.512994564066734,3.81221912609415,0.000137724693471129,0.0188455584311219
"ENSG00000107099.16",1776.65481626108,-1.82911161380405,0.505095771550412,-3.62131642517917,0.000293107753400179,0.0284449641393713
"ENSG00000107159.13",3557.88553907288,3.70208106957185,1.03610107559306,3.57308872346531,0.000352795159581482,0.0309047924130979
"ENSG00000107551.21",2470.54051955171,-1.52183177463409,0.413341805552425,-3.68177560118842,0.000231615231325105,0.0247999370544299
"ENSG00000107798.18",5025.6888678563,-1.33305772299833,0.373137651543294,-3.57256287990454,0.000353504563958819,0.0309047924130979
"ENSG00000108602.18",706.077203272433,4.00314086880054,0.962247353735811,4.16019940533879,3.17969857579681e-05,0.00884124050402332
"ENSG00000108691.9",2021.37595388117,-2.23562831896549,0.654981660075181,-3.41326857718257,0.000641886491898621,0.041332959114799
"ENSG00000108798.9",728.420482691297,-1.53483790071681,0.399773403895961,-3.83926966066067,0.000123400838650344,0.0178683108536717
"ENSG00000109255.11",490.768845467657,3.70102310429174,0.894822696410668,4.13604071414076,3.53349524952623e-05,0.00912275136733814
"ENSG00000110031.13",980.642868743226,-1.4053772777877,0.411339649764793,-3.41658597363833,0.000634116377073587,0.0410731287650202
"ENSG00000110245.12",67.5248948828931,21.7449174271189,2.14276544212832,10.1480624055242,3.380074075209e-24,4.62512436081223e-20
"ENSG00000110723.12",535.969923987543,1.38030955674351,0.40066529088669,3.44504400091366,0.000570966439415944,0.0392908253404684
"ENSG00000111261.14",2733.34202646968,1.30322002008122,0.380367114981972,3.42621632825169,0.000612052705665296,0.0404590492655608
"ENSG00000111291.8",69.664985673293,2.65293714076493,0.654737527051195,4.05190940057036,5.08013380454453e-05,0.0113957394941779
"ENSG00000111679.17",3234.23451398375,-1.35934844707367,0.308363965139171,-4.40825972146312,1.04204540199812e-05,0.00460728196333779
"ENSG00000111700.13",89.7512672796387,6.41387963117437,1.52237910038527,4.21306337531249,2.51930337839256e-05,0.00766064172849657
"ENSG00000111701.7",272.059424536786,3.86878329307171,1.10983509978718,3.48590821628689,0.000490469256488381,0.0366876215990348
"ENSG00000112761.21",186.291756556813,4.94371554039705,1.31140288879784,3.76979155881603,0.000163383943589119,0.020063181722797
"ENSG00000112799.9",486.951535826842,-1.99509388707492,0.556491312315838,-3.58513033882297,0.000336909904015576,0.0303829895602831
"ENSG00000113303.12",539.237971105847,3.65826158388967,1.08586496472095,3.36898390015722,0.00075445835580257,0.0450813576926832
"ENSG00000114248.10",206.163420474755,5.30726235484658,1.0750458168235,4.93677783010985,7.94238616743767e-07,0.000905663676017778
"ENSG00000114346.14",1659.482679153,1.64701757541257,0.466199139005404,3.53286275673168,0.00041108581798731,0.0335826435249514
"ENSG00000114771.14",539.393352909473,3.79704298899398,0.957156475402854,3.96700339659287,7.27819556622991e-05,0.0131041038198035
"ENSG00000115507.10",107.589815265899,2.25027789358414,0.614400104422691,3.66256105327094,0.000249706212875741,0.0257544687657241
"ENSG00000115616.3",564.730372094509,3.6772656869431,0.909305841709129,4.04403614083389,5.25388150507235e-05,0.0114113472340726
"ENSG00000115648.14",9777.54570545375,2.27534417065975,0.54759644243464,4.15514783212151,3.25077290302754e-05,0.00887048203733786
"ENSG00000115956.10",1006.12919081278,-2.16577484123328,0.59821423633746,-3.62040003342806,0.000294147883563012,0.0284450357931765
"ENSG00000117009.12",76.4806373824575,-2.26163867814423,0.537575056819465,-4.20711238264122,2.58654529809021e-05,0.00769412882313422
"ENSG00000117245.13",95.914293747537,-1.79418088441087,0.49810551936653,-3.60200964384543,0.000315766647218208,0.0295944720356873
"ENSG00000117472.10",14260.4645613666,2.87648240320827,0.60937783169439,4.72035944466528,2.35428243374666e-06,0.00192302419738646
"ENSG00000117650.13",411.826473577131,1.98948101662526,0.533416608860451,3.72969454564873,0.000191712036703918,0.0220444676826727
"ENSG00000117983.17",16694.8616676539,4.78856734616552,1.00132283673424,4.7822412218053,1.73351476446884e-06,0.00151521720960464
"ENSG00000118526.7",137.491658178629,-1.62873044867463,0.478095845398851,-3.40670278637511,0.000657526852641216,0.0417506667661999
"ENSG00000119946.11",438.183213710685,2.5434284251803,0.665856608923737,3.81978400618625,0.000133568586614388,0.0185166360562032
"ENSG00000121057.13",4071.54601189394,1.08195547198696,0.320358601964112,3.37732611315418,0.000731942152460066,0.0443165063857846
"ENSG00000121075.11",12.3202419617262,3.69620680812158,1.11361106945173,3.31911823572423,0.000903021855744305,0.0497243443182181
"ENSG00000121210.16",873.251639511169,-1.88726242380562,0.489453539400795,-3.85585611683607,0.000115325308434499,0.0172518704013208
"ENSG00000121957.15",426.858204158987,1.21030544178965,0.354003499669132,3.41890812639101,0.000628729512287702,0.0410654906032877
"ENSG00000122122.10",907.476190000622,-2.26671383214913,0.635114094423779,-3.56898681992825,0.000358364451520146,0.0310210890124128
"ENSG00000122133.17",131.246684401887,4.55566290921255,1.19075801828681,3.82585112949058,0.00013032103195509,0.018408276954727
"ENSG00000122223.13",58.9448789383228,-2.20930366402262,0.564788215695109,-3.91173824564228,9.16341984598396e-05,0.0151985036924269
"ENSG00000123329.20",627.971143143896,-2.00424321670696,0.580166430515679,-3.45460045822627,0.000551108859690782,0.0387717125016906
"ENSG00000123338.13",1753.40140910308,-1.91779708926266,0.559229779453771,-3.42935437225084,0.000605019013221264,0.0403607465327886
"ENSG00000123843.13",730.470678112818,2.72791664185556,0.80261312957944,3.39879394109209,0.000676836890799122,0.0423867166830654
"ENSG00000124102.5",1715.62546791052,3.74166062177555,0.963292599977975,3.88424101032345,0.000102650046245818,0.0160912312035237
"ENSG00000124635.9",102.288496457993,2.66331860971364,0.744480470026184,3.57741904179161,0.000347003643944873,0.0306320020310824
"ENSG00000124664.11",1620.41922618422,4.03336512765837,0.834550995430589,4.83297623481636,1.3450684940997e-06,0.00134847246581524
"ENSG00000126233.2",11.4057934750534,6.04156065844673,1.81162085668769,3.33489241755195,0.000853324057309987,0.0484500404074739
"ENSG00000126838.10",11.1107459637744,-2.33222758818644,0.541926721922992,-4.30358477232989,1.68056501744035e-05,0.00589641318362692
"ENSG00000127084.19",843.963075058367,-1.66514625255341,0.48967147477813,-3.40053758146294,0.000672534905066361,0.0423109488435657
"ENSG00000128298.17",2363.71137743513,2.97476607163708,0.695179638053068,4.27913291587231,1.87622800028661e-05,0.00641834146048047
"ENSG00000128408.9",70.492782459126,2.12793262823256,0.594676815244305,3.57830097572975,0.000345835068940183,0.0306320020310824
"ENSG00000128710.6",14.6897206345504,4.89525281370408,1.47570728829676,3.31722479961057,0.000909164329416937,0.0498619242548163
"ENSG00000128815.19",879.545702018131,-2.59081601396753,0.728835876630072,-3.55473172636166,0.000378364934473695,0.0319589912399432
"ENSG00000130720.13",560.010713384354,5.33979255301803,1.07511653978588,4.96671044990296,6.80981468716849e-07,0.000810279124103218
"ENSG00000130762.15",3074.0438621191,1.62567356428114,0.483641679204692,3.3613181704158,0.000775714121208511,0.0455557260839342
"ENSG00000131187.10",330.834245339589,2.12812905910427,0.628760920806808,3.38463951667593,0.000712717882549243,0.0438814223181448
"ENSG00000132437.18",472.133655617615,3.91841405083162,0.86435302413618,4.53334915412325,5.80557307471697e-06,0.00317762236671559
"ENSG00000132911.5",230.971761273033,4.04028397682998,1.21759873426401,3.31823930424187,0.000905868388069949,0.0497809240488158
"ENSG00000133048.13",1765.79584890741,-2.63535092431199,0.774643699734654,-3.40201685654283,0.000668905119090935,0.0421795539035982
"ENSG00000133710.16",464.00436895268,3.20248764654426,0.823767375225598,3.88761165209684,0.000101235424696672,0.0160912312035237
"ENSG00000134061.5",395.073536239974,-2.26231070576043,0.659884836561874,-3.42834170511859,0.000607280567984392,0.0403607465327886
"ENSG00000134398.15",4480.92900854656,3.82925976350664,0.838498736864061,4.56680445080676,4.95215587702787e-06,0.0028835244656728
"ENSG00000134762.17",275.862757258272,3.30071918360076,0.99226947204412,3.32643427677073,0.000879647614007065,0.0491292168419007
"ENSG00000135218.19",1561.99686947604,-2.94122632912637,0.73332966415984,-4.01078324370809,6.05176507829378e-05,0.0120013518041787
"ENSG00000135723.14",1365.82977925967,-1.12108291868511,0.264114341929849,-4.24468777611054,2.18897996791707e-05,0.00718768932338888
"ENSG00000135750.15",3055.81929496929,2.10928333263615,0.508320373400662,4.14951562638549,3.3317954385934e-05,0.00887048203733786
"ENSG00000135773.13",826.0403000465,3.46779406839833,0.975047646063499,3.55653806498447,0.000375774054205892,0.0319372936069958
"ENSG00000136011.15",78.9227388019438,-4.72320811071315,0.815450722751478,-5.79214412218091,6.94934674794995e-09,2.37728465563933e-05
"ENSG00000136379.12",3859.87263845202,2.24117726405491,0.532555722814054,4.20834321751797,2.57249924766512e-05,0.00769412882313422
"ENSG00000136490.9",1357.57655619923,-1.96685454225147,0.586188551737208,-3.35532745636633,0.00079271090009007,0.0462339824531136
"ENSG00000136542.9",3725.9616673526,2.64606340527042,0.737968705608227,3.58560381376817,0.000336299186513807,0.0303829895602831
"ENSG00000137101.13",432.896791157439,-2.30147104011652,0.606777859135469,-3.79293839659152,0.000148875099395202,0.0196049877311785
"ENSG00000137251.16",95.3308290843308,4.76587753093086,1.12649430245777,4.23071605469528,2.32948575337597e-05,0.00741291123402793
"ENSG00000137440.5",561.3633191832,4.48151003602456,1.01669974387607,4.40789924755879,1.04378076415735e-05,0.00460728196333779
"ENSG00000137460.9",924.288888229923,1.56591188622559,0.467554868919587,3.34915106294167,0.000810595869898073,0.0468997403202972
"ENSG00000137860.12",63.6449699491461,4.64949512197095,1.14535750835157,4.05942693706407,4.91932970817515e-05,0.0112824749138386
"ENSG00000138162.19",2788.00051910797,1.44125582217722,0.377205603981362,3.82087595455882,0.000132978527397419,0.0185166360562032
"ENSG00000138756.18",385.944567673078,-1.10202797491762,0.318072108582469,-3.46471113053249,0.00053080130294745,0.037954849018442
"ENSG00000138964.17",876.187238583127,-2.05411323257245,0.5712307639575,-3.59594293966506,0.000323218648097291,0.0299848296355206
"ENSG00000139800.8",25.3043698852085,6.47105278625989,1.65589225436498,3.9078948338589,9.31038135010666e-05,0.015349229301709
"ENSG00000139874.6",666.501489814479,3.08462019681924,0.861614788268695,3.58004555959096,0.000343534305872699,0.0306320020310824
"ENSG00000140284.11",288.486149638491,2.3153818568888,0.671034399450007,3.45046671047943,0.000559618179968172,0.0389811011358558
"ENSG00000140678.17",1771.90064171692,-1.74246628444625,0.491526692406503,-3.54500846315217,0.000392600480323137,0.0327570041006198
"ENSG00000140968.11",1907.08337362658,-2.13647463322505,0.564150427729252,-3.78706552049339,0.000152436914189059,0.0196344061631861
"ENSG00000141232.5",5272.70657672186,1.5459765977552,0.382257458008834,4.04433338150715,5.24722092980735e-05,0.0114113472340726
"ENSG00000142347.19",1403.21446266606,-1.68340090673432,0.450575880339741,-3.73610967694278,0.000186889179737907,0.021857248640544
"ENSG00000142623.11",3161.19229541431,3.78200868220497,1.12061476136127,3.37494098115463,0.000738315226891969,0.0445054467276487
"ENSG00000143375.15",7325.35229783181,1.65581322630436,0.493778326303633,3.35335339381861,0.000798386971688661,0.04629122087755
"ENSG00000143590.14",327.683349314652,2.27292673572465,0.667626565300399,3.40448815828942,0.000662881743453396,0.0419932515580766
"ENSG00000143768.13",14.6249490429273,-3.03443842496138,0.685728329179644,-4.42513207612635,9.63832958767182e-06,0.00439620276376358
"ENSG00000143776.18",5189.42483139609,1.04749830773711,0.301508914468533,3.4741868564103,0.000512404067302178,0.0373945656262899
"ENSG00000143850.16",5488.86395945246,1.51148974627043,0.401917406849245,3.76069739830247,0.000169440302912596,0.0206092123102623
"ENSG00000143869.7",107.913062508744,-3.2269621042944,0.684059352050882,-4.71737151845031,2.38911180294294e-06,0.00192302419738646
"ENSG00000144452.15",225.688580273991,4.21966340135018,0.861164293488128,4.89995165064093,9.58602425497649e-07,0.00104936290314377
"ENSG00000144820.8",126.92731441256,4.11110154719257,1.17178013120092,3.50842401038088,0.000450769988915955,0.0352917066021043
"ENSG00000145384.4",41.7467694976521,5.94042530389397,1.65355205114981,3.59252392433806,0.000327490576505549,0.0300752839168704
"ENSG00000145416.13",615.355805169157,-1.78155350987037,0.478787190349646,-3.72097154180199,0.000198457804184747,0.0225018283517579
"ENSG00000145681.11",107.690683684319,3.49938176874938,0.93702413076262,3.73456953120441,0.000188036537011498,0.0218978549293347
"ENSG00000146054.18",420.304013368135,2.348363385905,0.681343199639726,3.4466673875174,0.00056754685560476,0.0392908253404684
"ENSG00000146094.15",603.719142585896,-1.9827341901791,0.479159506801587,-4.13794187955061,3.50435107302486e-05,0.00912275136733814
"ENSG00000146192.15",747.153995869326,-2.16215760464226,0.495541750675967,-4.36321985320684,1.28162029558812e-05,0.00501144083642817
"ENSG00000147676.14",10650.9377812279,1.77217916629012,0.5072504001391,3.49369693114909,0.000476381486363731,0.0362977576441232
"ENSG00000147689.16",2379.1341584793,4.4149922480547,1.09530916249868,4.03081832893919,5.55829941474129e-05,0.0117951585621919
"ENSG00000147804.10",2880.61000819121,2.15282013916982,0.644934957174231,3.33804225561342,0.000843709176206093,0.0482290151274467
"ENSG00000148600.15",42.6859153677343,-2.56233598398872,0.757118531001744,-3.38432607190117,0.000713532098204935,0.0438814223181448
"ENSG00000148826.9",41.5801576628189,5.75328032189306,1.70625316654553,3.37187964523524,0.00074657065391175,0.0449041738145118
"ENSG00000149260.18",7144.50898854831,1.94282750911145,0.547136276259151,3.55090238650384,0.000383912775993796,0.0323278182788376
"ENSG00000150045.12",33.1348270139684,-3.10457294329184,0.551617335745987,-5.6281279468734,1.82175941913784e-08,4.53237182032229e-05
"ENSG00000151012.13",850.307298086627,2.88661589510602,0.629904523411207,4.58262448961906,4.5917617685584e-06,0.0027834816223903
"ENSG00000151715.8",2400.24710378015,2.41304600407498,0.619238376556177,3.89679660600955,9.74734128793102e-05,0.0159733825764556
"ENSG00000152689.18",823.103955318642,-1.39338566608557,0.408656052754086,-3.40967827760051,0.000650395537747843,0.0416847182237593
"ENSG00000153898.13",146.808852344688,-2.29397372183602,0.624749015386492,-3.67183247246398,0.000240817529601396,0.0252570470249991
"ENSG00000154133.15",756.344702757502,-1.21358890971143,0.364334884278287,-3.33097093383039,0.000865436384481275,0.0488734445107057
"ENSG00000156453.14",8108.681463822,1.41872283526759,0.399839576884282,3.54823013350221,0.000387829200014991,0.0325574285791726
"ENSG00000156886.12",29.6610349166734,-3.97066197745188,0.701510313225684,-5.6601619428715,1.51230217228107e-08,4.1387173548816e-05
"ENSG00000157214.14",2300.53798023394,1.38151663590871,0.385395577734848,3.5846717391739,0.000337502423587754,0.0303829895602831
"ENSG00000157368.11",340.128653852473,-1.91452129959883,0.488990567958326,-3.91525200085658,9.03098315013834e-05,0.0150701777969412
"ENSG00000158373.8",741.77831252643,2.43996099970741,0.559410596950814,4.3616638887553,1.29077055263831e-05,0.00501144083642817
"ENSG00000158473.8",246.387816034675,-1.79879637814719,0.536174581489533,-3.35487067132126,0.000794020965139161,0.0462339824531136
"ENSG00000158517.15",198.432152213448,-2.21596542824599,0.662658010692333,-3.34405589684306,0.000825631004966247,0.0476688685926398
"ENSG00000158555.15",983.149266175995,-1.40067820994411,0.363567763494232,-3.85259187030846,0.000116874104263978,0.0172956726357028
"ENSG00000158717.11",738.853297034799,-1.27993725484794,0.339538552972988,-3.76963747898685,0.000163484836634769,0.020063181722797
"ENSG00000159263.16",282.582405101877,3.9418807940639,0.860916073159385,4.57870507585949,4.67863319435649e-06,0.0027834816223903
"ENSG00000160181.9",10587.7355270322,5.27010532310733,1.14963598716559,4.58415131567052,4.55834058556932e-06,0.0027834816223903
"ENSG00000160182.3",21269.2433725192,4.26594050973522,1.12477050279062,3.792720825405,0.00014900564358845,0.0196049877311785
"ENSG00000160219.12",304.735846357042,-1.69579123316301,0.453711062773454,-3.73760168596495,0.00018578396075978,0.0218212431506991
"ENSG00000160321.15",67.6438798945381,-1.84660221392127,0.544041605487427,-3.39422977084047,0.000688219235133523,0.0428056722906798
"ENSG00000160606.11",445.715404340726,1.7995598833213,0.465195268873981,3.86839678674546,0.000109553290752608,0.0168435107192507
"ENSG00000160868.15",62.4988711873868,3.91869518046375,1.03503901361707,3.78603620627728,0.000153069381694515,0.0196344061631861
"ENSG00000160883.11",452.908453192963,-2.37370937697842,0.660610206986884,-3.59320723760109,0.000326632600590186,0.0300752839168704
"ENSG00000161640.15",44.1368970076298,-2.85612313231659,0.848900819498671,-3.36449567100585,0.00076683687236254,0.0452315509454135
"ENSG00000161798.7",3666.54497088793,4.1697691514013,0.983752779472573,4.23863519210271,2.24882744428088e-05,0.00724043066678057
"ENSG00000161929.15",247.33403305698,-2.48453027376394,0.626894963446198,-3.96323214993762,7.39418150697038e-05,0.0132259193007358
"ENSG00000162078.11",1822.1796898084,2.82120294080471,0.801378477533085,3.52043762079727,0.000430835319123808,0.0343751317156304
"ENSG00000162460.7",25.0982769736117,3.69888299840969,1.09050922413616,3.39188602585159,0.000694133075652763,0.0430756006380707
"ENSG00000162482.5",1384.42157037972,2.63084281915654,0.729960752782853,3.60408804052395,0.000313250868532513,0.0294595756671109
"ENSG00000162543.6",870.499735164873,1.74527422667334,0.518288598691474,3.36737916110762,0.000758862750256801,0.0451473845353867
"ENSG00000162545.6",7222.76224922435,1.42483153643785,0.391534395140794,3.63909672846362,0.000273596025209126,0.0269719635124136
"ENSG00000163219.12",730.548906074535,-2.07302038911876,0.518033786712907,-4.00170885044535,6.28866518781858e-05,0.0120776372692642
"ENSG00000163283.7",110.700830140916,7.79809943106459,1.59666259408155,4.88399957509514,1.03955298401871e-06,0.00109420948129385
"ENSG00000163286.9",96.1007241974484,6.33699148769339,1.40391555135337,4.513798199318,6.36768100383621e-06,0.00339418493933898
"ENSG00000163295.5",35.269098427386,6.14489547735446,1.63746985335509,3.75267701250431,0.000174956210560549,0.0210001167298708
"ENSG00000163501.7",788.552121552913,3.64645279177933,0.905160702050386,4.0285142555563,5.61304577362533e-05,0.0117951585621919
"ENSG00000163586.10",109.103269141655,5.92920444952209,1.49001418374182,3.97929396526433,6.91202320793192e-05,0.0127811715629374
"ENSG00000163624.6",1949.82516164517,1.40774845594859,0.388481539938675,3.62372033474437,0.000290395598361304,0.0282820510332875
"ENSG00000163687.14",106.404418863976,-3.94800605394068,0.852906528987424,-4.6288847836911,3.67640232556306e-06,0.00243628563185942
"ENSG00000163993.7",13816.4994664777,3.40703386833961,0.927899826180892,3.67176905546204,0.000240877307469755,0.0252570470249991
"ENSG00000164078.13",4159.41005777751,2.17894337175456,0.629150154228991,3.46331214751875,0.000533569017918483,0.037954849018442
"ENSG00000164129.12",10.9551498568119,-3.05158469283113,0.906439733730121,-3.36656104016254,0.00076111735637355,0.0451583893146765
"ENSG00000164237.9",2521.96342566775,1.83984449410931,0.424949012096027,4.32956529310287,1.49403969454847e-05,0.00552532220550109
"ENSG00000164379.7",3282.61166343351,2.13463420915769,0.632020122344399,3.3774782379389,0.000731537413488428,0.0443165063857846
"ENSG00000164816.8",22.6780962940925,20.7847310336117,3.16519847376304,6.56664383162715,5.14619385561234e-11,2.81671774493086e-07
"ENSG00000165807.8",216.863660363394,1.62610924670116,0.457013608769439,3.55811996732361,0.000373518719451318,0.0319372936069958
"ENSG00000166126.11",1493.80962931025,3.08612326069591,0.814489745223954,3.78902653936709,0.00015123875798974,0.0196344061631861
"ENSG00000166143.10",369.071532932094,4.15420101592586,0.813170671483793,5.10864589883165,3.24475801277961e-07,0.000493329402976331
"ENSG00000166391.15",166.31792041255,4.34220474611154,1.09050686527224,3.98182247575997,6.83888531629782e-05,0.0127319574456546
"ENSG00000166535.20",495.421520184173,6.3756095937832,1.35506536931136,4.705019948243,2.53841132629342e-06,0.00193800130465028
"ENSG00000166589.13",46.0840307419076,3.93530624302289,1.15368638868816,3.41107105155127,0.000647082271397222,0.0415697195336333
"ENSG00000166839.17",237.081494372777,-1.20150879370972,0.310756294997609,-3.86640210689525,0.000110452769872257,0.0168869326988495
"ENSG00000166866.13",823.745834034746,3.10767572282718,0.933079569861829,3.33055810372888,0.000866720729289038,0.0488734445107057
"ENSG00000166869.3",71.607977515546,6.33216672123562,1.62960840528521,3.88569836820852,0.000102036134710943,0.0160912312035237
"ENSG00000166897.16",461.755954874102,2.69110255482605,0.75210900548978,3.57807516621023,0.00034613391865641,0.0306320020310824
"ENSG00000166959.8",941.122069139358,3.45304150965953,0.933840203921052,3.69767921231142,0.000217579604293406,0.0238180041227906
"ENSG00000167083.7",81.5515600886945,-1.55604394355024,0.43096114842292,-3.61063624701322,0.000305446795628377,0.0289244375638817
"ENSG00000167653.5",8224.09876673829,6.62613634212665,1.17004478621367,5.66314761639953,1.4862119958186e-08,4.1387173548816e-05
"ENSG00000167656.5",1045.25645969071,6.2511451846543,1.4201690754691,4.40169082162943,1.07410542917533e-05,0.00461705829395618
"ENSG00000167754.13",68.8030543124904,5.70247533805214,1.67839388491942,3.39757871456134,0.000679850263410869,0.04247822410677
"ENSG00000167755.15",1700.5361498325,3.67699969363995,1.05776340193916,3.47620241624834,0.000508568283047343,0.0373906844068287
"ENSG00000167851.15",764.106372526951,-1.68401703882642,0.453746722552765,-3.71135912420962,0.000206149387181147,0.023121681471256
"ENSG00000168010.11",1195.16660498727,-1.76701032929204,0.403794080315121,-4.37601840996049,1.20866810285385e-05,0.00493695820459722
"ENSG00000168078.10",237.900001927047,1.81606524764666,0.517680401145106,3.50808190464529,0.00045135006799198,0.0352917066021043
"ENSG00000168356.13",25.5120538183232,-3.00542540662229,0.592892443359507,-5.06909042320163,3.9972130786051e-07,0.000546958651610928
"ENSG00000168453.15",938.427653352089,2.19834790044131,0.599354979703811,3.66785623692939,0.000244592637149875,0.0253551768972751
"ENSG00000168631.13",12475.0300713724,5.33276260023282,1.26841410443808,4.20427570268566,2.61919523279263e-05,0.00770747483181033
"ENSG00000168907.13",199.289367557288,2.89488259223153,0.765512502811199,3.7816267945992,0.000155806828265139,0.0197405808756114
"ENSG00000169247.14",239.00308874296,2.5665037011685,0.594824167537065,4.31472667258191,1.59800493789708e-05,0.00567955858901681
"ENSG00000169442.9",1214.73340921389,-2.43744468300118,0.679483235292705,-3.58720356353043,0.000334243383154411,0.0303829895602831
"ENSG00000169684.13",113.804908072168,2.41566755953631,0.589910940770898,4.09496992271325,4.22223197585756e-05,0.0106009011452563
"ENSG00000170231.16",156.46471471915,4.58105523805255,1.09327333283811,4.19021949996736,2.78684732678156e-05,0.00802817376758219
"ENSG00000170537.13",712.844658343358,1.83654782947535,0.550004742786157,3.33914907746423,0.000840354528890108,0.0482137995642255
"ENSG00000170545.17",1288.73876504295,1.69095404254433,0.486708042881737,3.47426772019711,0.000512249658692412,0.0373945656262899
"ENSG00000170786.12",1830.5187487127,2.81866261713899,0.819894932572124,3.43783392866749,0.000586387209554687,0.0397236969991051
"ENSG00000171243.8",159.360122625496,3.63811226396215,1.05362291719091,3.45295475696543,0.000554481992299205,0.0388101485256716
"ENSG00000171346.16",1024.92947459262,2.65926343911147,0.786898075479492,3.3794255215214,0.000726374854489126,0.0442732753737281
"ENSG00000171608.16",1109.28796179412,-1.65050225701536,0.487880282535296,-3.38300668442355,0.000716968872070916,0.0439939173138223
"ENSG00000172031.7",165.155644861912,2.00035633868985,0.59928606360093,3.33789897711004,0.000844144343408009,0.0482290151274467
"ENSG00000172478.18",583.537235131973,3.08265633723105,0.710448541039708,4.33902831684294,1.43114083425472e-05,0.00536520975493821
"ENSG00000172738.12",36.4409930795643,-1.99753493707038,0.473966694706977,-4.21450485736203,2.5032676531817e-05,0.00766064172849657
"ENSG00000172818.10",343.517914175226,2.83848628102567,0.778569368190961,3.64577184383842,0.000266590428038477,0.0268227214857684
"ENSG00000172927.8",2781.56093116519,3.06391606063776,0.842029241681315,3.63872881008255,0.00027398713254836,0.0269719635124136
"ENSG00000173467.9",2098.91431858274,3.09084675223287,0.828587154329595,3.73026148918957,0.000191281145419653,0.0220444676826727
"ENSG00000173557.15",198.124821004703,3.33064704217464,0.718880721253668,4.63310107463484,3.60228551177733e-06,0.00243628563185942
"ENSG00000173702.7",10996.1625436151,3.73254600121607,0.773116736055349,4.8279203219174,1.37966269751258e-06,0.00134847246581524
"ENSG00000173868.12",36.8200894596498,-2.01829837848421,0.508143047356263,-3.97190985685015,7.12987013568478e-05,0.0130955138257239
"ENSG00000174564.13",570.602274204903,3.4256383376229,0.996740638200031,3.43684024342491,0.000588542631429364,0.0397694967761171
"ENSG00000174607.11",1383.9372349166,1.59010467708291,0.467713621486322,3.39973993494095,0.000674499729086686,0.0423372341420077
"ENSG00000175311.7",640.413751168828,3.15311388304957,0.771424560119162,4.08739110219995,4.36251337039886e-05,0.0107557570637573
"ENSG00000175318.12",183.817773688096,1.93655260411907,0.568939785252795,3.40379184988551,0.00066457375307688,0.0420032099317667
"ENSG00000175832.13",1752.45323438368,2.15101000007527,0.611996241693419,3.51474380647066,0.000440178413070505,0.0348160769667645
"ENSG00000177202.3",60.9372218467619,3.13958370463199,0.799184843702769,3.92848253989118,8.54835558157209e-05,0.0144409164938817
"ENSG00000178462.12",22.9574869039144,4.51732576806127,1.16588195583169,3.87459960716075,0.000106800152892322,0.016512993131097
"ENSG00000178597.7",292.794484730931,5.54293871816635,1.4016817099981,3.95449172135797,7.66975273296095e-05,0.0135022640506039
"ENSG00000178789.9",82.537473225622,-2.19735416250538,0.55375440371482,-3.96810237131225,7.24472137996527e-05,0.0131041038198035
"ENSG00000179044.16",260.506047835976,-1.41352301089081,0.36908109653124,-3.82984396701868,0.000128224537365178,0.0182766714274626
"ENSG00000179066.8",37.8732416366088,3.78650402696468,0.882121894478242,4.29249523299082,1.76676344828062e-05,0.00612038168216402
"ENSG00000179148.10",45.5901098915968,2.55568030442616,0.753642390113056,3.39110477058326,0.000696114845565738,0.0431008483678677
"ENSG00000179165.11",2.22556968361013,-1.60482891736479,0.441843406816864,-3.63212145435491,0.000281100755952873,0.0274745871005796
"ENSG00000179292.5",210.181133556235,3.43854760895705,0.891790445791956,3.85577982493795,0.000115361284884777,0.0172518704013208
"ENSG00000179546.4",313.811803252704,2.78900230710433,0.695214751825745,4.01171335875708,6.02796637258306e-05,0.0120013518041787
"ENSG00000179583.19",1961.39888610902,-1.98851002293026,0.503881791731398,-3.94638197998285,7.93410021549619e-05,0.0137425645947775
"ENSG00000179674.4",1543.77585434723,2.91966889226808,0.847931408314926,3.44328428412656,0.000574694860667911,0.0392908253404684
"ENSG00000179840.5",3.7230913944595,-2.31388258479311,0.67900661299752,-3.40774675901655,0.000655016539843759,0.0417506667661999
"ENSG00000179869.15",143.401525111347,2.72675846009326,0.797515318794738,3.41906719010004,0.000628362083163154,0.0410654906032877
"ENSG00000179913.11",5301.50207848772,2.66741012390627,0.556814772703911,4.79048016444183,1.66382671518697e-06,0.00151521720960464
"ENSG00000180251.5",234.611086698619,5.79907838988829,1.28666642782081,4.50705658008813,6.57331098713656e-06,0.00339418493933898
"ENSG00000180539.8",42.893262650056,-1.69547123629275,0.449178091022996,-3.77460804562248,0.00016025943873474,0.020063181722797
"ENSG00000180596.7",172.419774079578,2.66713914431136,0.636345293507003,4.19133946856481,2.77312369516981e-05,0.00802817376758219
"ENSG00000180644.8",379.987303142715,-2.17636771116035,0.534170008359886,-4.07429783982568,4.61533845851507e-05,0.0109008080176361
"ENSG00000180745.5",586.251660085963,3.70695317334715,0.853788272529704,4.3417710135134,1.41338797301329e-05,0.00536520975493821
"ENSG00000180818.5",203.801470492048,5.4313168558343,1.33156479082935,4.0788979201316,4.52496989060503e-05,0.0109008080176361
"ENSG00000181019.13",9950.23069926931,2.35436669636887,0.605506166188643,3.8882621314799,0.000100964552491669,0.0160912312035237
"ENSG00000181036.14",52.3529934000803,-2.69840075702529,0.666975616825389,-4.04572624389015,5.21611609835021e-05,0.0114113472340726
"ENSG00000181378.14",87.3016407471893,3.46983221110771,0.866487634119337,4.00447978075799,6.21541066536476e-05,0.0120776372692642
"ENSG00000181631.7",192.63351806311,-2.23207022456741,0.632090136167724,-3.53125305530022,0.000413595854638361,0.0335871743438814
"ENSG00000182580.3",1871.71540850841,2.37161837287936,0.609015858144305,3.89418163938419,9.85308007006011e-05,0.0160079077087106
"ENSG00000182957.16",1985.85936398997,-1.04035597546127,0.232594425241087,-4.47283280492611,7.71901310125041e-06,0.00377225413467714
"ENSG00000183128.7",196.191708299711,4.43745207154492,1.10834332340941,4.00368006719682,6.2364691769689e-05,0.0120776372692642
"ENSG00000183856.11",1349.30281051502,2.30986833399705,0.612217005376116,3.77295683346459,0.000161324208017148,0.020063181722797
"ENSG00000184060.11",447.215877126762,-1.35066848574621,0.389099695760072,-3.47126584899482,0.000518010879150083,0.0375037135706358
"ENSG00000184293.7",44.1559739049522,-3.02858164228181,0.717956909543301,-4.21833344317045,2.46114672900073e-05,0.00766064172849657
"ENSG00000184678.10",1471.57585398803,2.23838013849796,0.556094098018604,4.02518233240281,5.6931186536335e-05,0.0117951585621919
"ENSG00000185015.8",605.54218416148,1.47857119135844,0.427984706084272,3.45472903666633,0.000550846123928259,0.0387717125016906
"ENSG00000185332.8",122.133251817816,2.64361663592688,0.69893556400668,3.7823467170167,0.00015535676158233,0.0197405808756114
"ENSG00000185499.16",34397.4202591995,2.52791717626609,0.706479396155077,3.57818952686229,0.000345982536805706,0.0306320020310824
"ENSG00000186517.14",1707.3835437905,-1.71741717897835,0.502687426366244,-3.41647132770551,0.000634383438436504,0.0410731287650202
"ENSG00000186642.16",508.967968575985,-2.04279138583047,0.53398966940393,-3.82552604081414,0.000130493138788213,0.018408276954727
"ENSG00000187808.5",66.9032893794624,-1.94528168216707,0.477438200493367,-4.07441566292116,4.61300261825133e-05,0.0109008080176361
"ENSG00000187837.4",2399.92297025857,2.07304375963446,0.624306206828663,3.32055606200852,0.000898383138414958,0.0495686519133108
"ENSG00000187908.20",11437.155371567,5.15388505332766,1.09560560222752,4.70414266123603,2.54934947080097e-06,0.00193800130465028
"ENSG00000188375.5",12.8747995563451,-2.54599478056888,0.421304168989417,-6.04312743136618,1.51155173112192e-09,6.8944393709356e-06
"ENSG00000188536.13",361.937069094401,-3.41981092838727,0.958069169345839,-3.56948228562901,0.000357687401923319,0.0310210890124128
"ENSG00000188820.13",28.0065947003994,-2.57030055674803,0.773816984018973,-3.3215871579849,0.000895070223825565,0.0495686519133108
"ENSG00000188833.10",558.84102726434,3.21927696502929,0.840312901582712,3.83104550574655,0.000127599901042208,0.0182766714274626
"ENSG00000188993.3",462.978787899541,3.46390090967653,0.787920183819559,4.39625863229543,1.10132699705816e-05,0.00461705829395618
"ENSG00000189280.3",390.221288453832,3.60402879036844,0.927998370524184,3.88365853307769,0.000102896388373466,0.0160912312035237
"ENSG00000189366.9",81.4316848992345,3.32044960856105,0.78744710852923,4.21672715868229,2.47873581749973e-05,0.00766064172849657
"ENSG00000196420.7",37.586410560833,2.36666980569749,0.607869025635612,3.893387729738,9.8853962903208e-05,0.0160079077087106
"ENSG00000196754.13",3824.68846779884,4.46738193980052,1.16544040687655,3.83321353321992,0.000126480071997256,0.0182177901597311
"ENSG00000197943.10",1509.97611705443,-1.69476614415602,0.443402334034458,-3.82218588868392,0.00013227391508839,0.0185166360562032
"ENSG00000198088.10",162.816529449998,1.71066975536805,0.483645454088252,3.53703263601005,0.000404649660282761,0.033255397156031
"ENSG00000198380.13",6894.47361015609,1.02394386901032,0.297371957186628,3.44331011806774,0.000574639961109995,0.0392908253404684
"ENSG00000198610.11",44.7333811324572,3.24448747268911,0.926568760139894,3.50161543564155,0.000462446589665635,0.0355588598259562
"ENSG00000198734.12",3904.93884978522,2.75429532076867,0.799775435246962,3.44383585614651,0.000573523778529399,0.0392908253404684
"ENSG00000198788.9",783.713614041261,7.38649062992831,1.59694465353569,4.62538924788306,3.73895555004551e-06,0.00243628563185942
"ENSG00000203499.12",893.491285099891,2.22643591415826,0.553179077427357,4.02480137989425,5.70234233208272e-05,0.0117951585621919
"ENSG00000203697.12",7070.36854744361,3.66032718944869,0.807398893862325,4.53348055994839,5.8019608305075e-06,0.00317762236671559
"ENSG00000203711.14",29.6046009283179,1.86679333302186,0.543845624017522,3.43257948686136,0.000597868600727212,0.0400357825658178
"ENSG00000204019.5",39.7166053478669,21.5645252256207,2.56507621166533,8.40697252095299,4.20729599693134e-17,3.83803565160067e-13
"ENSG00000204542.3",153.454066148216,5.24555563060259,1.4520117622731,3.61261235404235,0.000303127694642975,0.0288044986781052
"ENSG00000204610.13",932.939957544243,2.6952000601285,0.808669452056996,3.33288224659999,0.000859513116132147,0.0487004046567049
"ENSG00000204613.11",103.821328838159,2.72243492092947,0.691973132583158,3.9343072624316,8.34369907850835e-05,0.0142713757925961
"ENSG00000204614.9",16.0240660577263,5.80954077486562,1.51092504865194,3.84502247814936,0.000120541388283222,0.01764094210239
"ENSG00000204839.9",2016.33163481918,2.28598544641833,0.643045088484106,3.55493803989272,0.000378068171001684,0.0319589912399432
"ENSG00000205045.11",32.5092494742632,-1.94952763805086,0.562461092610794,-3.46606665538709,0.000528132330878573,0.037954849018442
"ENSG00000205268.11",1421.4301659024,-1.44018632527215,0.41344906054618,-3.48334646925938,0.000495187056409515,0.0368255004694543
"ENSG00000205420.11",4402.31306881601,4.91055625497014,1.34950477608694,3.63878390205399,0.000273928534932244,0.0269719635124136
"ENSG00000206069.6",18.2444128086722,3.70084343696179,1.09997582519598,3.36447706594136,0.000766888575242879,0.0452315509454135
"ENSG00000211689.7",26.0178241903934,-2.56180590395596,0.702307653554088,-3.64769754535883,0.000264600856739672,0.0267207809830059
"ENSG00000211696.2",3.74871933319845,-2.46632247433838,0.717408455129769,-3.43782186661329,0.000586413329471204,0.0397236969991051
"ENSG00000211804.3",3.52402271490445,-3.24028092228718,0.914392349842152,-3.54364395420252,0.000394637800502338,0.0328269078612386
"ENSG00000211829.9",26.0119932779424,-2.35505943731129,0.59909738614082,-3.93101270643454,8.45888007645983e-05,0.0143785199411476
"ENSG00000213075.7",2.6791999326428,-2.40756135416866,0.695200101131448,-3.46311997114258,0.000533950263898131,0.037954849018442
"ENSG00000213371.4",5.56462526305574,-1.16470369196737,0.331254365036451,-3.5160402847498,0.000438034515049981,0.0348160769667645
"ENSG00000213809.9",13.9708289464095,-2.63227216669403,0.684844616595089,-3.84360496221926,0.000121240109872325,0.0176488196110422
"ENSG00000215182.8",21003.0410640462,4.56325087375895,1.20177435395176,3.79709457000287,0.000146401947727633,0.0194494276867094
"ENSG00000220412.1",9.68508874944728,-2.68766273406673,0.706038863022367,-3.80667817995394,0.000140845829230404,0.0190818208343983
"ENSG00000221968.9",1030.52210820549,-1.29811542981003,0.375943866833571,-3.4529501458384,0.000554491470513304,0.0388101485256716
"ENSG00000222057.1",4.60999435951147,-2.6218194866677,0.690110004378596,-3.79913270352963,0.000145203332273582,0.0194459675879273
"ENSG00000223534.1",44.3816702510219,-2.29835099737442,0.691308829272128,-3.3246371231716,0.000885336847419182,0.0493462596808976
"ENSG00000223572.10",317.478756141953,2.61624214976845,0.598990222850005,4.36775434717503,1.25530568645089e-05,0.00501144083642817
"ENSG00000223668.1",13.4617873376444,-3.13383669022367,0.5318854104035,-5.89193955864717,3.81688795031426e-09,1.49223960766072e-05
"ENSG00000224137.1",48.1122408039274,-3.01939143292451,0.876896906731367,-3.44326842727647,0.000574728560386437,0.0392908253404684
"ENSG00000224259.7",1619.87242562959,3.14670023247525,0.86427640630697,3.64084939668898,0.000271740063741814,0.0269719635124136
"ENSG00000224511.2",56.8115548649624,3.77168060157947,0.822628894408964,4.58491140684929,4.54178971165077e-06,0.0027834816223903
"ENSG00000225342.2",19.8163938929403,-1.91017821049672,0.504357609162519,-3.78734884890216,0.000152263253814596,0.0196344061631861
"ENSG00000225411.3",3.06812078098159,-3.06313440125652,0.681568767917694,-4.49424114695705,6.9818473936492e-06,0.00347404032039996
"ENSG00000226239.2",10.3354319174344,-2.61386216965932,0.561521107076122,-4.65496690457439,3.24032751276774e-06,0.00233363271162934
"ENSG00000226330.1",35.8868430986886,1.96083515590319,0.581892562613065,3.36975462806709,0.000752351451551782,0.0450813576926832
"ENSG00000226491.1",15.8679792854671,-1.60893208187234,0.432390193674609,-3.72101889776698,0.000198420587618064,0.0225018283517579
"ENSG00000226690.8",8.15839628695958,5.55832849032193,1.3854071959639,4.01205400586557,6.01927248123535e-05,0.0120013518041787
"ENSG00000226985.7",3.45279555333376,-2.82199025997848,0.711137732344912,-3.96827524630598,7.23946897324599e-05,0.0131041038198035
"ENSG00000227155.7",14.1755131618104,-2.00676351281179,0.585483242103106,-3.42753364827885,0.000609090814413041,0.0403607465327886
"ENSG00000227191.8",49.2581724128958,-2.37606621244846,0.667622453461442,-3.55899685537716,0.000372273988535445,0.0319372936069958
"ENSG00000227467.3",15.934951843352,-2.60723968364785,0.651873511028813,-3.99960980088452,6.34470060829142e-05,0.0120776372692642
"ENSG00000228486.10",83.0419434191522,-1.71266282587335,0.411810054880784,-4.15886597613347,3.19831479481971e-05,0.00884124050402332
"ENSG00000228835.1",2.46572301771523,-4.80997282418663,1.25966659746524,-3.81844913079816,0.000134293268280616,0.0185166360562032
"ENSG00000228952.1",51.3505433539066,2.8504018593935,0.746607510858501,3.81780496169388,0.000134644300624272,0.0185166360562032
"ENSG00000229029.2",3.85393068991582,-2.22929301757966,0.599222387930808,-3.72030995917508,0.000198978421497622,0.0225018283517579
"ENSG00000229140.11",6.22476211085503,-3.20627868821676,0.632493235684043,-5.06926953100006,3.9934537360767e-07,0.000546958651610928
"ENSG00000230882.1",139.938278973171,2.81388849746378,0.794892223651463,3.53996229141321,0.000400184207115606,0.0330871335230598
"ENSG00000231226.1",27.3759146897735,2.83714327591905,0.832553916018553,3.4077592109432,0.00065498665208219,0.0417506667661999
"ENSG00000231324.1",13.5358065621733,4.39112380961997,1.31485059833019,3.33963707754822,0.000838879391305722,0.0482137995642255
"ENSG00000231369.1",5.22217216978866,-1.25715852690432,0.3413586142399,-3.68280885397786,0.000230678127939075,0.0247999370544299
"ENSG00000231566.2",19.4735749856479,2.13382720834423,0.623495274750749,3.4223630791705,0.000620793554310131,0.040839560578859
"ENSG00000232587.1",7.31974377616639,-1.48468331770345,0.427506510345584,-3.47289054499607,0.000514885291350516,0.0374045907007379
"ENSG00000233143.2",12.2662460422285,-2.66819131826922,0.512661159612481,-5.20459033855051,1.94425026287186e-07,0.000343168862224783
"ENSG00000233217.2",198.069004597991,3.24852520588771,0.956357207676729,3.39676972140914,0.000681863216925127,0.0425069491061274
"ENSG00000233532.6",130.070891190658,3.59602361235912,0.963940715139089,3.73054437465093,0.000191066485922677,0.0220444676826727
"ENSG00000233665.8",5.8298181233811,-3.05357354274473,0.829533805889578,-3.68107185152042,0.000232255537568099,0.0247999370544299
"ENSG00000234750.1",6.71659522860689,-2.13338463193598,0.538605323111499,-3.96094234570781,7.46545581800402e-05,0.0132666967124231
"ENSG00000234883.6",64.6386697247172,-2.08603944282201,0.553361189338852,-3.76976102229789,0.000163403934557088,0.020063181722797
"ENSG00000235111.1",5.63488474695769,-2.55124591575737,0.695551398115634,-3.66794736186157,0.000244505503462843,0.0253551768972751
"ENSG00000235505.7",153.156695806879,-1.84305266919984,0.448465961098217,-4.10968240418184,3.96203651861193e-05,0.0100995926139233
"ENSG00000236876.3",7.20963278618801,-1.69248788111601,0.471612377988711,-3.58872659011618,0.000332297106951034,0.0303132497530965
"ENSG00000236901.6",190.346135231356,-2.05897279139306,0.603031007534508,-3.41437300183148,0.000639289892160673,0.0412628454687762
"ENSG00000237289.10",394.765740824739,2.56723556661176,0.632618832149579,4.05810803622228,4.94718818160788e-05,0.0112824749138386
"ENSG00000237484.6",14.8330010005669,-2.69464663279213,0.624186238497211,-4.31705549817913,1.5812441137025e-05,0.00567955858901681
"ENSG00000237757.2",5.38377261691709,-1.88743346027537,0.364241332120835,-5.18182120981598,2.1972978859078e-07,0.00035372618378611
"ENSG00000237928.6",33.4927884045454,-2.5285103952864,0.639537709155225,-3.95365333285248,7.69669014467864e-05,0.0135022640506039
"ENSG00000238113.7",43.7907632939535,-1.95811846360718,0.519889499894508,-3.76641279349652,0.000165609893058008,0.0202332408183862
"ENSG00000238133.6",151.459039782681,3.91281270708891,1.05622085689987,3.70454027822692,0.000211774457104131,0.0235594779169461
"ENSG00000239219.2",3.90007779852894,-2.72609427976355,0.781916862075385,-3.48642472363095,0.000489523130983237,0.0366876215990348
"ENSG00000239961.3",43.5619982824794,-2.95289454127915,0.874536391042412,-3.37652563292354,0.000734075317017756,0.0443475479046908
"ENSG00000240143.1",5.75768502907609,-2.72748626868695,0.69195876338429,-3.94168903266306,8.09098320584006e-05,0.0139261595845425
"ENSG00000240216.7",58.9385818875607,3.73871682167792,1.0835643702462,3.45038737369006,0.000559782685219108,0.0389811011358558
"ENSG00000241359.1",30.6088329849522,3.07757186775635,0.810240164842094,3.79834523305338,0.000145665339844524,0.0194459675879273
"ENSG00000241560.7",5.45105926702942,-2.33512113018059,0.4672785950303,-4.99727818696504,5.81451599511486e-07,0.000723299360174129
"ENSG00000241635.8",92.0086751624347,3.48003331184379,0.955805174660023,3.64094420505897,0.000271640005056195,0.0269719635124136
"ENSG00000242136.1",10.1908901344521,5.87827725571315,1.32701837202225,4.42968792267375,9.4369549575295e-06,0.00437730756479169
"ENSG00000242207.1",24.8864199746126,5.08174295098089,1.28603622633915,3.95147729659736,7.76702417144452e-05,0.013538863089167
"ENSG00000242747.1",4.96788091074685,-1.63120343474973,0.470819951280775,-3.46460134136703,0.000531018022550088,0.037954849018442
"ENSG00000242797.3",7.25382692262218,-2.29195751822141,0.520985354830769,-4.39927436917282,1.086134371205e-05,0.00461705829395618
"ENSG00000243766.8",80.8345968187304,5.56846756685113,1.44541677829884,3.85249960458107,0.000116918165586473,0.0172956726357028
"ENSG00000244280.1",37.9072473780829,4.91516885298559,1.22916790532956,3.99877741004615,6.36705240276278e-05,0.0120776372692642
"ENSG00000245648.2",78.3850793764677,-1.90233189408198,0.490805853537463,-3.87593562784755,0.000106215764245078,0.016512993131097
"ENSG00000246228.6",129.263279491083,3.1640976496357,0.781757580251079,4.04741537475017,5.17862954110261e-05,0.0114113472340726
"ENSG00000248115.1",5.95976633885279,-4.5687895558711,0.679548598816067,-6.72327124775329,1.77689352865262e-11,1.21570612996591e-07
"ENSG00000248290.1",9.40549372852544,-3.06141163106243,0.765111478096943,-4.00126219342188,6.30054958979212e-05,0.0120776372692642
"ENSG00000248714.7",7.36442957369304,-2.12748187945275,0.571158291165343,-3.72485510997663,0.000195427434696229,0.0223776678047351
"ENSG00000248996.1",19.5881818412901,-1.9417884802691,0.536723833839591,-3.61785402071307,0.000297055854219788,0.0286250970508202
"ENSG00000249395.4",130.763570882552,6.21344769375332,1.46442308870987,4.24293207451902,2.20618227487363e-05,0.00718768932338888
"ENSG00000249464.6",157.182241678255,2.23769760807322,0.670656400674765,3.33657832210624,0.0008481652668546,0.0483577892875205
"ENSG00000249661.1",4.09829514935585,-1.96631923036961,0.555134068513008,-3.5420618944116,0.000397012306399533,0.0329243508764728
"ENSG00000249853.8",37.5404423983152,3.56141689001418,0.994596861047647,3.58076425684956,0.000342590656436333,0.0306320020310824
"ENSG00000250271.2",22.4305516461865,4.59418090247118,1.30837367457798,3.51136757926059,0.000445807504441265,0.0350586608449543
"ENSG00000251034.2",49.1412804564689,-1.31750959626364,0.389829941585128,-3.37970344429261,0.000725640802991429,0.0442732753737281
"ENSG00000251191.8",15.2788373735265,3.40338773364381,0.935192552009951,3.63923742370395,0.000273446600661452,0.0269719635124136
"ENSG00000251322.9",1442.21069389592,-1.46566769336953,0.408406353081025,-3.58874851557156,0.000332269165993533,0.0303132497530965
"ENSG00000251323.3",7.40410725855921,-2.14778011315026,0.603799310849723,-3.55710924897828,0.000374958246877529,0.0319372936069958
"ENSG00000253293.5",158.035003617701,3.66007266457333,0.960664252643238,3.80993948146062,0.000139000812793374,0.0189255484762003
"ENSG00000253988.1",3.84582899042895,-2.88221375437676,0.709928510476146,-4.05986477771357,4.9101143473786e-05,0.0112824749138386
"ENSG00000254166.3",461.29125137374,3.63221486665455,0.89972447950963,4.03703016798452,5.41321101055286e-05,0.0116648303721102
"ENSG00000254759.1",16.3397207269842,-1.27173338165815,0.303976333115416,-4.18365919683387,2.86854046515581e-05,0.00817743196978323
"ENSG00000256427.2",5.70344263200574,-2.74985794090621,0.751129391318884,-3.66096437269992,0.000251267700531601,0.0257544687657241
"ENSG00000257588.1",149.485472997128,3.26731018270346,0.890384120599279,3.66955127243776,0.000242976602361068,0.0253551768972751
"ENSG00000258689.1",29.1532453568929,2.80039108731314,0.796696329682086,3.51500437868292,0.000439746737615541,0.0348160769667645
"ENSG00000258733.6",30.6869851833344,-1.58296586947633,0.476665585709391,-3.3209149494619,0.000897228744576946,0.0495686519133108
"ENSG00000259341.2",228.309979323922,2.88185431303741,0.763425785728362,3.77489779217755,0.000160073281667269,0.020063181722797
"ENSG00000259439.2",69.1500410524499,5.20744371014235,1.27241348276189,4.09257193568801,4.26614835376981e-05,0.0106137892725108
"ENSG00000259485.2",86.7233062477834,4.82443500914662,1.38806728535904,3.4756492426797,0.00050961834632028,0.0373906844068287
"ENSG00000259933.6",54.2715693098697,2.5645328659584,0.682814871387416,3.75582456302909,0.000172771694367545,0.0208292641398969
"ENSG00000260228.6",10.122903638672,-1.91405054970518,0.560274758829566,-3.41627124824202,0.000634849763130907,0.0410731287650202
"ENSG00000260284.1",41.5356927000577,4.19181080590537,1.18943070365508,3.52421607498786,0.000424737736010039,0.0341876400629021
"ENSG00000260328.1",28.4038607068939,2.55369213201595,0.723150488100825,3.53134260992146,0.00041345583531022,0.0335871743438814
"ENSG00000260510.1",3.62160860217117,-2.17587856907936,0.645796182107033,-3.36929611751519,0.000753604201914633,0.0450813576926832
"ENSG00000260963.2",23.2210991077562,3.07775592150998,0.873741277336288,3.52250260041841,0.000427492847836904,0.034225189989918
"ENSG00000261104.1",31.1261725317387,4.00842961079358,1.0027123809942,3.99758663278812,6.39915739409984e-05,0.0120776372692642
"ENSG00000261123.1",94.7151406035215,2.97270802043612,0.681801305608211,4.36007968301597,1.30015090943984e-05,0.00501144083642817
"ENSG00000261416.1",5.35192715273993,-2.75378134408709,0.805962341329125,-3.41676180495703,0.000633706990930339,0.0410731287650202
"ENSG00000261583.1",8.7004978353294,4.93273080046512,1.38103680254684,3.57175912428142,0.00035459147212748,0.0309047924130979
"ENSG00000261762.1",54.2379436480137,2.05160983119406,0.610592840486086,3.36002929474377,0.000779342082768039,0.0456707811115908
"ENSG00000262319.1",2.92410563915459,-3.65299121561796,0.946070842995151,-3.86122375788795,0.00011282052092562,0.0171531066453969
"ENSG00000262406.3",969.63746471912,-3.99498508841647,0.831876086344834,-4.80238001066958,1.5679077496241e-06,0.00147961832358492
"ENSG00000262714.1",40.0904381307207,2.86081073239617,0.856063106729826,3.34182224406856,0.000832303430806992,0.0479529431387262
"ENSG00000264345.2",6.12854698051175,-3.73899398540788,0.740523056060616,-5.04912568866974,4.43836663040386e-07,0.000578403712258393
"ENSG00000265206.5",117.09018103523,-2.89761375062566,0.8281635815192,-3.49884227619647,0.000467282908084059,0.0357210372780348
"ENSG00000265743.1",32.2869652230195,-1.47730301563203,0.421673642493919,-3.50342745374068,0.000459311748748556,0.0355588598259562
"ENSG00000265763.4",180.692954392208,3.08423287867777,0.757579460135781,4.07116750251516,4.67780965140328e-05,0.0109416766435858
"ENSG00000267287.1",20.857620827094,-1.97564144853587,0.546519520342134,-3.61495129633992,0.000300404090780544,0.0286451524473559
"ENSG00000267369.1",50.2487375808864,-2.0710250810823,0.585996445845955,-3.53419392858694,0.000409020853252554,0.0335139930867145
"ENSG00000267374.2",21.8125542647082,2.65778495733898,0.735062144082531,3.61572824656383,0.000299504446280946,0.0286451524473559
"ENSG00000267432.6",11.4652819565981,-2.62491594998386,0.786869212641152,-3.33589865738075,0.00085024151987764,0.0483753839386515
"ENSG00000267731.1",20.0021841127245,-2.27394658514479,0.612111283130814,-3.71492349154889,0.000203265185687418,0.0228920096160805
"ENSG00000267795.6",939.997014736637,2.19087614039113,0.637261191432121,3.4379563197118,0.000586122237679068,0.0397236969991051
"ENSG00000268027.5",65.9238018746451,-2.58095632941598,0.764059917364801,-3.37795017217702,0.000730283120863408,0.0443165063857846
"ENSG00000268316.1",3.08586659041196,-1.6680357689528,0.501020644733315,-3.32927552284929,0.000870722216065537,0.0488734445107057
"ENSG00000268849.5",4.22505429145902,-2.17463966677308,0.58154228752678,-3.73943514240645,0.000184434225150196,0.0217560837917475
"ENSG00000269220.1",28.9834628201316,-2.51890768197049,0.607755561376243,-4.14460655245425,3.40397651073378e-05,0.0089573678047357
"ENSG00000269345.1",3.40359069700121,-2.04788569206756,0.609067307785309,-3.36233067493654,0.000772875099207991,0.0454866082581185
"ENSG00000269800.1",8.08085988383565,-1.92827549697116,0.544879932127595,-3.53889982595213,0.000401798295731753,0.0331205239737677
"ENSG00000270164.1",74.8903606351887,-2.12087455000104,0.580032802178866,-3.65647346500762,0.00025570886722791,0.026014812525748
"ENSG00000270379.6",5.66767930634155,-2.37028937061912,0.681609653006737,-3.47748797301099,0.000506135756766603,0.0373353564836432
"ENSG00000270919.1",8.50389464395129,4.88591174327754,1.41057904106136,3.46376317884408,0.000532675242760873,0.037954849018442
"ENSG00000272068.1",298.62237354593,3.03679841153798,0.874480768132734,3.4726874760464,0.000515274991565689,0.0374045907007379
"ENSG00000272468.1",26.4742784401689,2.80844729361907,0.815744131002164,3.44280416724398,0.000575716043465773,0.0392908253404684
"ENSG00000272620.2",1617.39170857514,4.63971053674116,0.877334449273334,5.28841713736885,1.23379358116392e-07,0.000241180206683664
"ENSG00000272789.1",25.7060272632913,-2.58999921170394,0.644057438289906,-4.02137923999586,5.78583674828666e-05,0.011816492111221
"ENSG00000272980.4",3.40359960238127,-2.17720700133701,0.592667971449488,-3.67356953002237,0.000239185553198255,0.0252570470249991
"ENSG00000273062.1",16.8431878603242,-1.5729941567612,0.451856000868233,-3.48118461133353,0.000499201294040847,0.0369233562540969
"ENSG00000273203.1",8.23814687010552,-2.03252814466567,0.601005757389365,-3.38187799314023,0.000719921115005143,0.0440762441931672
"ENSG00000273837.1",31.2794590358643,-2.90435450967941,0.84735808076876,-3.42754093646508,0.000609074464661612,0.0403607465327886
"ENSG00000274272.1",21.8993842661507,-1.76109403268381,0.523182896320636,-3.36611545421109,0.00076234793230462,0.0451583893146765
"ENSG00000274414.1",65.4397080779751,3.23889762952876,0.677897525855175,4.77785728077833,1.77173057724079e-06,0.00151521720960464
"ENSG00000275216.2",324.142316384018,5.07132369431989,1.4774773464678,3.43242060965867,0.000598218997882559,0.0400357825658178
"ENSG00000276231.5",154.180947619968,-1.47071332400927,0.434191033692183,-3.3872494130128,0.000705971763123224,0.0436124813575469
"ENSG00000276409.5",22.5960313722243,-2.91357706611569,0.81707298276867,-3.56587125943507,0.000362649375291185,0.0312095140050121
"ENSG00000276842.1",15.0892422727079,-2.2179209689499,0.633411461239333,-3.50154852678276,0.000462562725108357,0.0355588598259562
"ENSG00000277268.2",22.0909807730679,6.2770325358982,1.8708135130452,3.35524224735838,0.00079295512824908,0.0462339824531136
"ENSG00000278912.1",62.5090607739031,3.96881187336361,0.98509971860966,4.02884276422804,5.60520908113304e-05,0.0117951585621919
"ENSG00000279166.1",3.11459032245396,-2.72844275985227,0.524826603417794,-5.19875086758943,2.00632213819437e-07,0.000343168862224783
"ENSG00000279277.2",33.2054753347819,-2.06431312574604,0.497538466349543,-4.14905231527519,3.33854514504988e-05,0.00887048203733786
"ENSG00000280032.1",68.8593295855829,2.97115955143623,0.807886831902076,3.67769275857731,0.000235353207306249,0.0249647721874036
"ENSG00000280924.1",9.14494102381243,4.23154691096093,1.17631724456442,3.59728375190814,0.000321557636815573,0.0299813231881233
"ENSG00000281103.2",81.9014539071746,-2.61243430640294,0.575361736852047,-4.54050754347386,5.61189708596044e-06,0.00317762236671559
"ENSG00000283265.1",20.3965569497667,-2.42416911367626,0.598044981936139,-4.05348959843813,5.04592444859472e-05,0.0113957394941779
"ENSG00000283307.1",3.16073876253146,-4.43815913235372,0.985634851748621,-4.50284314163603,6.70503723667938e-06,0.00339808803807786
"ENSG00000283787.2",99.8389570322186,-2.38208237478439,0.650642530337366,-3.66112306484061,0.000251112097283336,0.0257544687657241
"ENSG00000286196.1",5.84446623574576,-2.47815765536514,0.643677159435052,-3.85000091900137,0.000118117381647316,0.0173791310943124
"ENSG00000286406.1",2.84422211699056,-2.77282890083379,0.752808195321554,-3.68331391457476,0.000230221361632632,0.0247999370544299
"ENSG00000287048.1",7.57517116090164,4.73176049317482,1.37844465560129,3.43268079276696,0.000597645274456344,0.0400357825658178
"ENSG00000287255.1",19.6719105165707,-1.4565430018493,0.438198265863274,-3.32393602466645,0.000887565543368894,0.0493699313523913
"ENSG00000287331.1",12.7682709753729,6.20693309857744,1.67719832576102,3.70077468075284,0.000214942271137304,0.0237190529605427
"ENSG00000287929.1",209.585214753936,2.76241169906505,0.793315125164184,3.48211147303329,0.000497476553093294,0.0368955036002823
"ENSG00000288052.1",2.18939707056469,-2.05462927730961,0.574465755985559,-3.57659139104761,0.000348103651538957,0.0306320020310824
